{
"width": 4928, "height": 3264,
"format": "jpg",
"type":"hsh",
"colorspace":"rgb",
"lights": [0.031, 0.410, 0.911, 0.347, 0.237, 0.907, 0.467, -0.094, 0.879, 0.335, -0.401, 0.852, 0.005, -0.527, 0.850, -0.345, -0.392, 0.853, -0.469, -0.050, 0.882, -0.300, 0.272, 0.914, 0.247, 0.477, 0.844, 0.571, 0.148, 0.807, 0.535, -0.320, 0.782, 0.250, -0.603, 0.758, -0.221, -0.605, 0.765, -0.563, -0.299, 0.770, -0.549, 0.199, 0.812, -0.195, 0.513, 0.836, 0.022, 0.647, 0.762, 0.509, 0.439, 0.740, 0.694, -0.130, 0.708, 0.473, -0.588, 0.656, -0.016, -0.777, 0.629, -0.533, -0.530, 0.660, -0.530, -0.531, 0.661, -0.717, -0.041, 0.696, -0.512, 0.471, 0.719, 0.295, 0.685, 0.667, 0.753, 0.219, 0.620, 0.703, -0.404, 0.585, 0.291, -0.793, 0.536, -0.333, -0.785, 0.523, -0.766, -0.336, 0.549, -0.756, 0.306, 0.578, -0.320, 0.700, 0.639, -0.005, 0.841, 0.541, 0.634, 0.565, 0.528, 0.874, -0.090, 0.478, 0.585, -0.695, 0.419, -0.030, -0.920, 0.390, -0.652, -0.644, 0.401, -0.883, -0.034, 0.468, -0.631, 0.593, 0.500, 0.330, 0.849, 0.413, 0.886, 0.267, 0.379, 0.843, -0.426, 0.328, 0.317, -0.903, 0.289, -0.387, -0.877, 0.286, -0.866, -0.383, 0.322, -0.868, 0.354, 0.348],
"nplanes": 27,
"quality": 95,
"materials": [
{
 "scale": [1.45787,0.96106,1.1116,0.917898,0.8601,0.83936,1.51504,1.3901,1.40421,1.00652,1.00509,0.995241,0.574031,0.557487,0.479058,0.719596,0.725258,0.649854,1.17491,1.10718,1.01883,0.802951,0.807488,0.732363,0.585365,0.580648,0.549025],
 "bias": [-0.0763344,-0.135029,-0.0374996,0.477422,0.483449,0.480375,0.0447186,0.0473635,0.0473433,0.56904,0.58614,0.601129,0.500767,0.502817,0.508637,0.467432,0.472592,0.481019,0.565009,0.571956,0.558437,0.475406,0.487866,0.535693,0.455098,0.480551,0.560146] }
]
}
